"id","title","content","publication_date","source_url","category","created_at"
1,"Medicare wants to make these generic drugs available for $2","<img class=""type:primaryImage"" src=""https://i.kinja-img.com/image/upload/c_fit,q_80,w_636/fb15e395b7d0333ad5109e7ec9aff664.jpg"" /><p>The Centers for Medicare and Medicaid Services (CMS) just shared a preliminary list of generic drugs it plans to make available to Medicare recipients for $2 in a pilot program.<br /></p><p><a href=""https://qz.com/medicare-2-drug-list-medicaid-1851668732"">Read more...</a></p>","2024-10-09 14:39:56","https://qz.com/medicare-2-drug-list-medicaid-1851668732","Others","2024-10-09 14:43:26.282054"
2,"An HBO documentary says Peter Todd is the Bitcoin creator known as Satoshi Nakamoto. He denies it","<img class=""type:primaryImage"" src=""https://i.kinja-img.com/image/upload/c_fit,q_80,w_636/4046de6574a7a5aa7932ebeccd7008b5.png"" /><p>Who created Bitcoin? Is it finally known? Perhaps not. </p><p><a href=""https://qz.com/hbo-documentary-claims-peter-todd-bitcoin-creator-satos-1851668667"">Read more...</a></p>","2024-10-09 14:22:06","https://qz.com/hbo-documentary-claims-peter-todd-bitcoin-creator-satos-1851668667","Others","2024-10-09 14:43:26.309168"
3,"Nvidia's stock surge sent its market cap past Microsoft's and close to a record high","<img class=""type:primaryImage"" src=""https://i.kinja-img.com/image/upload/c_fit,q_80,w_636/d13dbd591cd76f288d66fc89a6104279.jpg"" /><p><a class=""sc-1out364-0 dPMosf sc-145m8ut-0 lcFFec js_link"" href=""https://qz.com/nvidia-stock-ai-chips-market-cap-1851647728"" rel=""noopener noreferrer"" target=""_blank"">Nvidia stock</a> seems to be climbing back to its record high close from June.</p><p><a href=""https://qz.com/nvidia-stock-market-cap-apple-microsoft-ai-chips-1851668601"">Read more...</a></p>","2024-10-09 14:19:00","https://qz.com/nvidia-stock-market-cap-apple-microsoft-ai-chips-1851668601","Others","2024-10-09 14:43:26.352904"
4,"Disneyland is raising prices — again","<img class=""type:primaryImage"" src=""https://i.kinja-img.com/image/upload/c_fit,q_80,w_636/edc3a130c5dd28279b5013f0d230b185.jpg"" /><p><a class=""sc-1out364-0 dPMosf sc-145m8ut-0 lcFFec js_link"" href=""https://qz.com/disneyland-magic-united-workers-group-unionize-1851487221"" rel=""noopener noreferrer"" target=""_blank"">Disneyland</a> is raising its prices <a class=""sc-1out364-0 dPMosf sc-145m8ut-0 lcFFec js_link"" href=""https://qz.com/disney-world-food-prices-increases-inflation-1851538692/slides/4"" rel=""noopener noreferrer"" target=""_blank"">again</a>, implementing increases across the board and for its highest-demand days.<br /></p><p><a href=""https://qz.com/disneyland-raised-its-prices-again-1851668643"">Read more...</a></p>","2024-10-09 14:15:00","https://qz.com/disneyland-raised-its-prices-again-1851668643","Others","2024-10-09 14:43:26.385216"
5,"GM swears it really will make money on electric cars soon","<img class=""type:primaryImage"" src=""https://i.kinja-img.com/image/upload/c_fit,q_80,w_636/5e691a992b1fa455cbf151a0276c85b5.jpg"" /><p>America’s Big Three are having a tough time in the pivot to electric vehicles. <a class=""sc-1out364-0 dPMosf sc-145m8ut-0 lcFFec js_link"" href=""https://jalopnik.com/ford-s-ev-unit-has-already-lost-2-5-billion-this-year-1851607399"">Ford has lost billions through its EV</a> production, Stellantis has faced issues <a class=""sc-1out364-0 dPMosf sc-145m8ut-0 lcFFec js_link"" href=""https://jalopnik.com/fiat-500e-sales-are-so-bad-stellantis-ceo-has-to-talk-t-1851663344"">shifting its battery-powered models</a> and General Motors previously announced a <a class=""sc-1out364-0 dPMosf sc-145m8ut-0 lcFFec js_link"" href=""https://jalopnik.com/these-are-gms-previous-attempts-at-selling-hybrids-1851224293"">renewed interest in hybrids because EVs weren’t selling</a> in the number it hoped. Now,…</p><p><a href=""https://qz.com/gm-general-motors-mary-barra-electric-car-sales-evs-1851668627"">Read more...</a></p>","2024-10-09 13:49:03","https://qz.com/gm-general-motors-mary-barra-electric-car-sales-evs-1851668627","Others","2024-10-09 14:43:26.428941"
6,"Bankrupt EV startup Fisker's legal troubles keep getting worse","<img class=""type:primaryImage"" src=""https://i.kinja-img.com/image/upload/c_fit,q_80,w_636/a9ae82be4af3034c93ff164e40fcb99d.jpg"" /><p>Despite <a class=""sc-1out364-0 dPMosf sc-145m8ut-0 lcFFec js_link"" href=""https://jalopnik.com/comedy-of-errors-led-to-fisker-s-bankruptcy-1851550234"">going through bankruptcy</a> and shuttering operations Fisker’s legal problems keep getting worse. Just a day after it was announced that the <a class=""sc-1out364-0 dPMosf sc-145m8ut-0 lcFFec js_link"" href=""http:// https://jalopnik.com/fisker-is-dead-but-its-legal-troubles-are-just-beginnin-1851666516"" target=""_blank"">Securities and Exchange Commission subpoenaed the automaker</a>,  the automaker learned asking owners to cover their own recall repair costs was just as illegal as it sounds.</p><p><a href=""https://qz.com/fisker-bankruptcy-ocean-recalls-cost-doj-evs-1851668617"">Read more...</a></p>","2024-10-09 13:44:51","https://qz.com/fisker-bankruptcy-ocean-recalls-cost-doj-evs-1851668617","Others","2024-10-09 14:43:26.464943"
7,"The Boeing strike has no end in sight","<img class=""type:primaryImage"" src=""https://i.kinja-img.com/image/upload/c_fit,q_80,w_636/3236c0d8fa87025eed55df183b815f75.jpg"" /><p>Boeing (<a class=""sc-1out364-0 dPMosf sc-145m8ut-0 lcFFec js_link"" href=""https://qz.com/quote/BA"" rel=""noopener noreferrer"" target=""_blank"">BA</a>) on Tuesday withdrew its latest offer to union machinists after negotiations broke down as their <a class=""sc-1out364-0 dPMosf sc-145m8ut-0 lcFFec js_link"" href=""https://qz.com/boeing-machinis-union-labor-strike-contract-wages-1851647608"" rel=""noopener noreferrer"" target=""_blank"">strike heads into its fourth week</a>. </p><p><a href=""https://qz.com/boeing-strike-union-talks-fail-credit-rating-cash-burn-1851668497"">Read more...</a></p>","2024-10-09 13:30:21","https://qz.com/boeing-strike-union-talks-fail-credit-rating-cash-burn-1851668497","Others","2024-10-09 14:43:26.492969"
8,"Costco's conundrum: How to compete online without killing that 'treasure hunt' vibe","<img class=""type:primaryImage"" src=""https://i.kinja-img.com/image/upload/c_fit,q_80,w_636/0c672590f6132062d82b310a09a90df7.jpg"" /><p>As <a class=""sc-1out364-0 dPMosf sc-145m8ut-0 lcFFec js_link"" href=""https://qz.com/costco-platinum-bars-gold-and-silver-retail-consumers-1851663436"" rel=""noopener noreferrer"" target=""_blank"">Costco Wholesale</a> (<a class=""sc-1out364-0 dPMosf sc-145m8ut-0 lcFFec js_link"" href=""https://qz.com/quote/COST"" rel=""noopener noreferrer"" target=""_blank"">COST</a>) ventures further into e-commerce, it faces the daunting task of expanding its online presence without sacrificing the unique “treasure hunt” shopping experience that defines its warehouses.<br /></p><p><a href=""https://qz.com/can-costco-compete-online-without-killing-the-treasure-1851668136"">Read more...</a></p>","2024-10-09 13:10:35","https://qz.com/can-costco-compete-online-without-killing-the-treasure-1851668136","Others","2024-10-09 14:43:26.522541"
9,"Mortgage rates are rising again","<img class=""type:primaryImage"" src=""https://i.kinja-img.com/image/upload/c_fit,q_80,w_636/f80bfd9c39ad978cc76190ecd9eeca81.jpg"" /><p>Mortgage rates are once again trending upwards.</p><p><a href=""https://qz.com/mortgage-rates-mba-housing-market-loan-volume-1851668526"">Read more...</a></p>","2024-10-09 13:05:00","https://qz.com/mortgage-rates-mba-housing-market-loan-volume-1851668526","Others","2024-10-09 14:43:26.542445"
53,"'Abandon Harris' group endorses Jill Stein over 'pro-genocide candidate' Kamala Harris","The Abandon Harris campaign endorsed Green Party candidate Jill Stein in the 2024 presidential election. The campaign accuses Kamala Harris of supporting genocide.","2024-10-08 19:02:27","https://www.foxnews.com/politics/abandon-harris-group-endorses-jill-stein-over-pro-genocide-candidate-kamala","Others","2024-10-09 14:43:27.712439"
10,"Google might get broken up after its big antitrust loss","<img class=""type:primaryImage"" src=""https://i.kinja-img.com/image/upload/c_fit,q_80,w_636/21cab8cf1fea0f8c84ac84423a5cfd1a.jpg"" /><p>The Department of Justice could consider breaking up Google (<a class=""sc-1out364-0 dPMosf sc-145m8ut-0 lcFFec js_link"" href=""https://qz.com/quote/GOOGL"" rel=""noopener noreferrer"" target=""_blank"">GOOGL</a>), after a federal judge ruled in August that the tech giant <a class=""sc-1out364-0 dPMosf sc-145m8ut-0 lcFFec js_link"" href=""https://qz.com/google-loses-tech-antitrust-case-1851613659"" rel=""noopener noreferrer"" target=""_blank"">monopolized the online search engine market</a>.<br /></p><p><a href=""https://qz.com/google-alphabet-doj-antitrust-search-engine-monopoly-1851668496"">Read more...</a></p>","2024-10-09 12:30:00","https://qz.com/google-alphabet-doj-antitrust-search-engine-monopoly-1851668496","Others","2024-10-09 14:43:26.568534"
11,"The 10 most valuable private companies in the world","<img class=""type:primaryImage"" src=""https://i.kinja-img.com/image/upload/c_fit,q_80,w_636/25ef1a59ba15be1aae51a3f42d5941bd.jpg"" /><p>In the startup world, a ‘unicorn’ is a private company valued at $1 billion or more — and it’s a status all aspiring firms dream of achieving.</p><p><a href=""https://qz.com/unicorn-startup-private-company-openai-bytedance-spacex-1851666550"">Read more...</a></p>","2024-10-09 09:00:00","https://qz.com/unicorn-startup-private-company-openai-bytedance-spacex-1851666550","Others","2024-10-09 14:43:26.589534"
12,"15 cities with the most expensive fast food in America","<img class=""type:primaryImage"" src=""https://i.kinja-img.com/image/upload/c_fit,q_80,w_636/0702fef9394f5e957d721bfdca167df2.jpg"" /><p>Inflation has <a class=""sc-1out364-0 dPMosf sc-145m8ut-0 lcFFec js_link"" href=""https://qz.com/walmart-target-costco-home-depot-lowes-retail-inflation-1851629124?_gl=1*yjrk0*_ga*MTIwNzMxNDYwMS4xNzE2MTMzMDkz*_ga_V4QNJTT5L0*MTcyNjY5NjM4NC4yMS4xLjE3MjY2OTgzMzMuNjAuMC4w"" rel=""noopener noreferrer"" target=""_blank"">taken a bite</a> out of more than just the economy – it’s also <a class=""sc-1out364-0 dPMosf sc-145m8ut-0 lcFFec js_link"" href=""https://qz.com/mcdonalds-5-meal-deal-psychological-success-1851648326?_gl=1*yjrk0*_ga*MTIwNzMxNDYwMS4xNzE2MTMzMDkz*_ga_V4QNJTT5L0*MTcyNjY5NjM4NC4yMS4xLjE3MjY2OTgzMzMuNjAuMC4w"" rel=""noopener noreferrer"" target=""_blank"">gnawing</a> at America’s favorite meal: a burger, fries, and soda.<br /></p><p><a href=""https://qz.com/fast-food-prices-most-expensive-us-1851650418"">Read more...</a></p>","2024-10-09 09:00:00","https://qz.com/fast-food-prices-most-expensive-us-1851650418","Others","2024-10-09 14:43:26.614546"
13,"Ozempic and prescription weight loss drugs: How they work, what they cost, side effects, and everything to know","<img class=""type:primaryImage"" src=""https://i.kinja-img.com/image/upload/c_fit,q_80,w_636/56560acaab1c21d2c98a0b2c623220df.jpg"" /><p>A highly effective class of weight loss drug has taken the world by storm, as medications like <a class=""sc-1out364-0 dPMosf sc-145m8ut-0 lcFFec js_link"" href=""https://qz.com/ozempic-weight-loss-drug-novo-nordisk-1851483167"" rel=""noopener noreferrer"" target=""_blank"">Ozempic</a>, <a class=""sc-1out364-0 dPMosf sc-145m8ut-0 lcFFec js_link"" href=""https://qz.com/wegovy-weight-loss-drug-novo-nordisk-study-1851476027"" rel=""noopener noreferrer"" target=""_blank"">Wegovy</a>, and <a class=""sc-1out364-0 dPMosf sc-145m8ut-0 lcFFec js_link"" href=""https://qz.com/eli-lilly-zepbound-fda-shortage-over-1851664423"" rel=""noopener noreferrer"" target=""_blank"">Zepbound</a> become household names. These drugs, originally meant to treat diabetes, have become widely known for their slimming side effects.<br /></p><p><a href=""https://qz.com/ozempic-wegovy-zepbound-weight-loss-drugs-cost-effects-1851660134"">Read more...</a></p>","2024-10-09 09:00:00","https://qz.com/ozempic-wegovy-zepbound-weight-loss-drugs-cost-effects-1851660134","Others","2024-10-09 14:43:26.652094"
14,"Domino's brings back 'emergency pizza' promotion that drove sales","<img class=""type:primaryImage"" src=""https://i.kinja-img.com/image/upload/c_fit,q_80,w_636/a7730e3eed3baeb60266658baba7aa18.jpg"" /><p>Pizza is an emergency. At least, Domino’s thinks so.<br /></p><p><a href=""https://qz.com/domino-emergency-pizza-promo-sales-driver-retail-1851668274"">Read more...</a></p>","2024-10-08 21:05:00","https://qz.com/domino-emergency-pizza-promo-sales-driver-retail-1851668274","Others","2024-10-09 14:43:26.672182"
15,"Americans are slowing down on their credit card spending — here’s why","<img class=""type:primaryImage"" src=""https://i.kinja-img.com/image/upload/c_fit,q_80,w_636/daf3ac95f34c35d8c412f3ed0452fc3c.jpg"" /><p> Americans are slowing down on their <a class=""sc-1out364-0 dPMosf sc-145m8ut-0 lcFFec js_link"" href=""https://qz.com/credit-cards-jd-power-rankings-points-miles-fees-1851623205"" rel=""noopener noreferrer"" target=""_blank"">credit card</a> purchases, according to <a class=""sc-1out364-0 dPMosf sc-145m8ut-0 lcFFec js_link"" href=""https://www.federalreserve.gov/releases/g19/current/"" rel=""noopener noreferrer"" target=""_blank"">recent data from the Federal Reserve’s consumer credit report</a>.<br /></p><p><a href=""https://qz.com/credit-card-spending-is-slowing-among-consumers-heres-1851667829"">Read more...</a></p>","2024-10-08 19:35:00","https://qz.com/credit-card-spending-is-slowing-among-consumers-heres-1851667829","Others","2024-10-09 14:43:26.706167"
16,"Lyft rolls out new payment measures to gain more drivers","<img class=""type:primaryImage"" src=""https://i.kinja-img.com/image/upload/c_fit,q_80,w_636/adf17bcc0a24692bb1b102311069f92c.jpg"" /><p><a class=""sc-1out364-0 dPMosf sc-145m8ut-0 lcFFec js_link"" href=""https://qz.com/lyft-layoffs-citibike-ebikes-1851639456"" rel=""noopener noreferrer"" target=""_blank"">Lyft</a> says it plans to attract more drivers to its ride-hailing platform by unveiling new payment measures for longer-than-estimated rides. These measures from the company come as Lyft (<a class=""sc-1out364-0 dPMosf sc-145m8ut-0 lcFFec js_link"" href=""https://qz.com/quote/LYFT"" rel=""noopener noreferrer"" target=""_blank"">LYFT</a>) is looking to entice new drivers and retain current drivers on its platform.</p><p><a href=""https://qz.com/lyft-will-start-charging-riders-extra-if-they-make-driv-1851667604"">Read more...</a></p>","2024-10-08 18:59:59","https://qz.com/lyft-will-start-charging-riders-extra-if-they-make-driv-1851667604","Others","2024-10-09 14:43:26.738068"
17,"FAANG and data center stocks are a buy to cash in on AI's next phase, strategist says","<img class=""type:primaryImage"" src=""https://i.kinja-img.com/image/upload/c_fit,q_80,w_636/519c11d1832ea37c102116156c28cd9c.jpg"" /><p>Tejas Dessai, director of research at Global X, spoke with Quartz for the latest installment of our “Smart Investing” video series.</p><p><a href=""https://qz.com/faang-data-center-stocks-cash-in-on-ais-next-phase-1851668061"">Read more...</a></p>","2024-10-08 18:29:00","https://qz.com/faang-data-center-stocks-cash-in-on-ais-next-phase-1851668061","Others","2024-10-09 14:43:26.757516"
18,"Luxury car sales are tanking as drivers look for cheaper options","<img class=""type:primaryImage"" src=""https://i.kinja-img.com/image/upload/c_fit,q_80,w_636/0bd44e28068f3d7fa06f027fea24f365.jpg"" /><p>After years of buying expensive vehicles and looking for luxury, more and more consumers are going all-in on cheaper — but reliable — cars that just get the job done well.<br /></p><p><a href=""https://qz.com/cheap-affordable-vehicle-sales-grow-luxury-fall-prices-1851667915"">Read more...</a></p>","2024-10-08 18:25:58","https://qz.com/cheap-affordable-vehicle-sales-grow-luxury-fall-prices-1851667915","Others","2024-10-09 14:43:26.777728"
97,"The Polish artist who painted Hindu gods in Indian palaces","Stefan Norblin painted beautiful murals in the art deco style for Indian maharajas in the 1940s.","2024-10-04 23:21:43","https://www.bbc.com/news/articles/c8xe17pegrno","Others","2024-10-09 14:43:28.526566"
19,"All the airports closing for Hurricane Milton","<img class=""type:primaryImage"" src=""https://i.kinja-img.com/image/upload/c_fit,q_80,w_636/fd018ec318da5ddf74be954fe82ce771.jpg"" /><p>As <a class=""sc-1out364-0 dPMosf sc-145m8ut-0 lcFFec js_link"" href=""https://www.nhc.noaa.gov/text/refresh/MIATCPAT4+shtml/081455.shtml"" rel=""noopener noreferrer"" target=""_blank"">category-4 Hurricane Milton</a> barrels toward Florida with an expected landfall occurring Wednesday morning, many of the state’s most heavily trafficked airports are shutting down operations. Among them are <a class=""sc-1out364-0 dPMosf sc-145m8ut-0 lcFFec js_link"" href=""https://www.orlandoairports.net/press/2024/10/07/hurricane-milton-update-2-orlando-international-to-cease-commercial-operations-8-am-wednesday-october-9/"" rel=""noopener noreferrer"" target=""_blank"">Orlando International Airport</a> and <a class=""sc-1out364-0 dPMosf sc-145m8ut-0 lcFFec js_link"" href=""https://news.tampaairport.com/tampa-international-airport-will-suspend-operations-early-tuesday-ahead-of-hurricane-milton/"" rel=""noopener noreferrer"" target=""_blank"">Tampa International Airport</a>.</p><p><a href=""https://qz.com/hurricane-milton-airport-closures-orlando-tampa-1851667895"">Read more...</a></p>","2024-10-08 17:58:00","https://qz.com/hurricane-milton-airport-closures-orlando-tampa-1851667895","Others","2024-10-09 14:43:26.814804"
20,"The next Nvidia? Data center stocks could be a goldmine, strategist says","<img class=""type:primaryImage"" src=""https://i.kinja-img.com/image/upload/c_fit,q_80,w_636/f899b71ce3b54e363dd6b6f293742e77.jpg"" /><p><a href=""https://qz.com/next-nvidia-data-center-companies-could-be-a-goldmine-1851668022"">Read more...</a></p>","2024-10-08 17:46:00","https://qz.com/next-nvidia-data-center-companies-could-be-a-goldmine-1851668022","Others","2024-10-09 14:43:26.834713"
21,"Home Depot says corporate employees have to try working in actual stores","<img class=""type:primaryImage"" src=""https://i.kinja-img.com/image/upload/c_fit,q_80,w_636/bb32aba528dff93fc9975bc17aa0e089.jpg"" /><p>Home Depot (<a class=""sc-1out364-0 dPMosf sc-145m8ut-0 lcFFec js_link"" href=""https://qz.com/quote/HD"" rel=""noopener noreferrer"" target=""_blank"">HD</a>) wants its corporate employees to gain insight into the daily challenges faced by its in-store associates. </p><p><a href=""https://qz.com/home-depot-corp-employees-work-in-store-shift-retail-1851667924"">Read more...</a></p>","2024-10-08 17:25:00","https://qz.com/home-depot-corp-employees-work-in-store-shift-retail-1851667924","Others","2024-10-09 14:43:26.856234"
22,"Look inside Clint Eastwood’s California home that just sold for more than $18 million","<img class=""type:primaryImage"" src=""https://i.kinja-img.com/image/upload/c_fit,q_80,w_636/58ad1ebaff7c2f6a9f15eb37b91da9c1.jpg"" /><p>Academy Award-winning actor Clint Eastwood’s former home in Carmel-by-the-Sea, California sold for $18.55 million after going on the market for $21 million earlier this year.<br /></p><p><a href=""https://qz.com/clint-eastwoods-former-home-sells-18-55-million-1851667945"">Read more...</a></p>","2024-10-08 17:09:00","https://qz.com/clint-eastwoods-former-home-sells-18-55-million-1851667945","Others","2024-10-09 14:43:26.890678"
23,"WeightWatchers is getting in on the off-brand weight loss drug game — and selling them cheap","<img class=""type:primaryImage"" src=""https://i.kinja-img.com/image/upload/c_fit,q_80,w_636/3d2827dfea4aa3351f12bbe24f36db57.jpg"" /><p><a class=""sc-1out364-0 dPMosf sc-145m8ut-0 lcFFec js_link"" href=""https://qz.com/ozempic-wegovy-zepbound-weight-loss-drugs-cost-effects-1851660134"" rel=""noopener noreferrer"" target=""_blank"">Ozempic and prescription weight loss drugs: How they work, what they cost, side effects, and everything to know</a><br /></p><p><a href=""https://qz.com/weight-watchers-compounded-semaglutide-1851667926"">Read more...</a></p>","2024-10-08 16:59:55","https://qz.com/weight-watchers-compounded-semaglutide-1851667926","Others","2024-10-09 14:43:26.915715"
24,"A self-driving truck startup wants Waymo, Cruise, and others to follow its lead on safety","<img class=""type:primaryImage"" src=""https://i.kinja-img.com/image/upload/c_fit,q_80,w_636/95744c2614e6969decf943146d03ac7b.jpg"" /><p>Self-driving truck startup Gatik on Thursday announced plans for what it calls the “most rigorous” third-party review of an autonomous driving system. And it wants others to follow its lead.</p><p><a href=""https://qz.com/gatik-av-self-driving-trucks-safety-waymo-cruise-tesla-1851663459"">Read more...</a></p>","2024-10-08 16:02:00","https://qz.com/gatik-av-self-driving-trucks-safety-waymo-cruise-tesla-1851663459","Others","2024-10-09 14:43:26.939256"
25,"Kamala Harris wants Medicare to help cover in-home eldercare. Here's how she plans to pay for it","<img class=""type:primaryImage"" src=""https://i.kinja-img.com/image/upload/c_fit,q_80,w_636/8612b60ad2556daa27ff05e32ac4be69.jpg"" /><p><a class=""sc-1out364-0 dPMosf sc-145m8ut-0 lcFFec js_link"" href=""https://qz.com/ozempic-wegovy-zepbound-weight-loss-drugs-cost-effects-1851660134"" rel=""noopener noreferrer"" target=""_blank"">Ozempic and prescription weight loss drugs: How they work, what they cost, side effects, and everything to know</a></p><p><a href=""https://qz.com/kamala-harris-eldercare-funding-medicare-1851667707"">Read more...</a></p>","2024-10-08 15:04:00","https://qz.com/kamala-harris-eldercare-funding-medicare-1851667707","Others","2024-10-09 14:43:26.958256"
26,"Two AI pioneers won the Nobel Prize for their work in machine learning","<img class=""type:primaryImage"" src=""https://i.kinja-img.com/image/upload/c_fit,q_80,w_636/e04614969ced71971ea04833d265cc11.jpg"" /><p>Two artificial intelligence pioneers were awarded the Nobel Prize  for their work in machine learning, which laid the foundation for the current AI boom.</p><p><a href=""https://qz.com/ai-geoffrey-hinton-john-hopfield-machine-learning-nobel-1851667556"">Read more...</a></p>","2024-10-08 14:43:00","https://qz.com/ai-geoffrey-hinton-john-hopfield-machine-learning-nobel-1851667556","Others","2024-10-09 14:43:26.977249"
27,"Toyota is delaying plans to make electric cars in America","<img class=""type:primaryImage"" src=""https://i.kinja-img.com/image/upload/c_fit,q_80,w_636/79e8703b26d7cf51de9bd4a119f0d820.png"" /><p><a class=""sc-1out364-0 dPMosf sc-145m8ut-0 lcFFec js_link"" href=""https://jalopnik.com/car-buying/toyota"">Toyota</a> is delaying the production of its <a class=""sc-1out364-0 dPMosf sc-145m8ut-0 lcFFec js_link"" href=""https://jalopnik.com/toyota-slashes-its-already-low-ev-targets-1851641641"">first U.S.-made electric vehicle until 2026</a> at the earliest. Still, it says it’s going to sell as many as seven all-electric vehicles here within the next two years. It’s going to be very interesting to see if that actually happens with the <a class=""sc-1out364-0 dPMosf sc-145m8ut-0 lcFFec js_link"" href=""https://jalopnik.com/ditching-evs-for-hybrids-is-already-paying-off-for-auto-1851640422"">EV market being as unpredictable</a> as…</p><p><a href=""https://qz.com/toyotal-evs-electric-cars-hybrids-us-production-1851667677"">Read more...</a></p>","2024-10-08 14:41:05","https://qz.com/toyotal-evs-electric-cars-hybrids-us-production-1851667677","Others","2024-10-09 14:43:27.013276"
54,"Conservatives dismiss Biden parole limits on 500K migrants: ‘Optics-driven smokescreen’","The Biden administration last week announced that it will not be renewing CHNV paroles for more than 500,000 migrants; conservatives are unimpressed.","2024-10-09 08:00:50","https://www.foxnews.com/politics/conservatives-dismiss-biden-parole-move-500k-migrants-optics-driven-smokescreen","Others","2024-10-09 14:43:27.735982"
55,"Arizona begins in-person and absentee voting, here's what you need to know","Arizona kicks off 2024 election with early voting, absentee voting on Wednesday.","2024-10-09 05:00:15","https://www.foxnews.com/politics/arizona-begins-in-person-absentee-voting-heres-what-you-need-know","Others","2024-10-09 14:43:27.749138"
28,"Bitcoin creator Satoshi Nakamoto unmasked: Will HBO reveal who really made the cryptocurrency?","<img class=""type:primaryImage"" src=""https://i.kinja-img.com/image/upload/c_fit,q_80,w_636/6a363a034e712602ee791f42e5a75cbb.jpg"" /><p>HBO’s (<a class=""sc-1out364-0 dPMosf sc-145m8ut-0 lcFFec js_link"" href=""https://qz.com/quote/WBD"" rel=""noopener noreferrer"" target=""_blank"">WBD</a>) latest documentary, “<a class=""sc-1out364-0 dPMosf sc-145m8ut-0 lcFFec js_link"" href=""https://www.hbo.com/movies/money-electric-the-bitcoin-mystery"" rel=""noopener noreferrer"" target=""_blank"">Money Electric: The Bitcoin Mystery</a>,” premiering Tuesday, <a class=""sc-1out364-0 dPMosf sc-145m8ut-0 lcFFec js_link"" href=""https://qz.com/hbo-documentary-bitcoin-creator-satoshi-nakamoto-1851666819?_gl=1*k9nmcw*_ga*MTU2MDE5NDI5OS4xNzI3NzIxMzUz*_ga_V4QNJTT5L0*MTcyODM5NzM1NC4zMi4xLjE3MjgzOTczODEuMzMuMC4w"" rel=""noopener noreferrer"" target=""_blank"">promises to delve into one of the greatest enigmas of the digital age: the identity of Bitcoin’s elusive creator</a>, believed to be among the richest and most enigmatic individuals on the planet.<br /></p><p><a href=""https://qz.com/bitcoin-creator-satoshi-nakamoto-hbo-documentary-1851667608"">Read more...</a></p>","2024-10-08 14:25:35","https://qz.com/bitcoin-creator-satoshi-nakamoto-hbo-documentary-1851667608","Others","2024-10-09 14:43:27.050955"
29,"Even a grocery store is offering free streaming perks now","<img class=""type:primaryImage"" src=""https://i.kinja-img.com/image/upload/c_fit,q_80,w_636/fba2ae1b42a767e45897a9872cd060ca.jpg"" /><p>Kroger (<a class=""sc-1out364-0 dPMosf sc-145m8ut-0 lcFFec js_link"" href=""https://qz.com/quote/KR"" rel=""noopener noreferrer"" target=""_blank"">KR</a>), the nation’s largest grocer, is now helping cover some of its customers’ streaming subscriptions.<br /></p><p><a href=""https://qz.com/kroger-disney-plus-membership-streaming-1851667620"">Read more...</a></p>","2024-10-08 14:12:00","https://qz.com/kroger-disney-plus-membership-streaming-1851667620","Others","2024-10-09 14:43:27.071949"
30,"10 cities where low mortgage rates have homeowners locked in 'golden handcuffs'","<img class=""type:primaryImage"" src=""https://i.kinja-img.com/image/upload/c_fit,q_80,w_636/a7da16e68789dadee277991c3c0f5d7d.jpg"" /><p>Despite signs that the <a class=""sc-1out364-0 dPMosf sc-145m8ut-0 lcFFec js_link"" href=""https://qz.com/housing-market-mortgage-rates-lock-in-effect-listings-1851632607?rev=1724771767980"" rel=""noopener noreferrer"" target=""_blank"">“lock-in” effect is beginning to fade</a>, many homeowners that snagged rock-bottom mortgage rates during the pandemic are still waiting on rates to fall again before making a move.<br /></p><p><a href=""https://qz.com/homeowners-mortgage-rates-golden-handcuffs-lock-in-1851667517"">Read more...</a></p>","2024-10-08 14:00:00","https://qz.com/homeowners-mortgage-rates-golden-handcuffs-lock-in-1851667517","Others","2024-10-09 14:43:27.098149"
31,"Tesla's big robotaxi event might not even have real cars","<img class=""type:primaryImage"" src=""https://i.kinja-img.com/image/upload/c_fit,q_80,w_636/b0d96357fc1c11f2f90813c8ba7bc07e.jpg"" /><p><a class=""sc-1out364-0 dPMosf sc-145m8ut-0 lcFFec js_link"" href=""https://jalopnik.com/tesla-can-t-even-make-full-self-driving-work-in-a-tunne-1851634303"">Tesla</a> has big plans to release a <a class=""sc-1out364-0 dPMosf sc-145m8ut-0 lcFFec js_link"" href=""https://jalopnik.com/a-robotaxi-wont-solve-teslas-mounting-issues-1851473930"">company-saving robotaxi</a> next week, leveraging the <a class=""sc-1out364-0 dPMosf sc-145m8ut-0 lcFFec js_link"" href=""https://jalopnik.com/even-elon-musk-s-lawyers-don-t-think-autonomous-teslas-1851665228"">incredible advantage in autonomous technology</a> that <a class=""sc-1out364-0 dPMosf sc-145m8ut-0 lcFFec js_link"" href=""https://jalopnik.com/tesla-s-full-self-driving-tech-isn-t-just-around-the-c-1851485259"">the company swears it has</a> in order to prevent <a class=""sc-1out364-0 dPMosf sc-145m8ut-0 lcFFec js_link"" href=""https://jalopnik.com/silicon-valley-tech-bros-are-out-on-tesla-1851651247"">the whole house of cards from tumbling down</a>. The Tesla faithful hoping to see a real life robotaxi might be disappointed, however: New…</p><p><a href=""https://qz.com/tesla-robotaxi-event-elon-musk-self-driving-cars-evs-1851667564"">Read more...</a></p>","2024-10-08 13:28:25","https://qz.com/tesla-robotaxi-event-elon-musk-self-driving-cars-evs-1851667564","Others","2024-10-09 14:43:27.141703"
32,"SpaceX says it could launch Starship soon if the FAA lets it","<img class=""type:primaryImage"" src=""https://i.kinja-img.com/image/upload/c_fit,q_80,w_636/e67c1a1babb5c373196357f7590990c8.jpg"" /><p>Elon Musk’s SpaceX has said it could launch its next test of the Starship megarocket as soon as Oct. 13 — as long as it gets regulatory approval from the Federal Aviation Administration (FAA).</p><p><a href=""https://qz.com/spacex-starship-rocket-fifth-launch-test-elon-musk-faa-1851667523"">Read more...</a></p>","2024-10-08 13:15:00","https://qz.com/spacex-starship-rocket-fifth-launch-test-elon-musk-faa-1851667523","Others","2024-10-09 14:43:27.159709"
33,"Uber will use ChatGPT to get more people to use EVs","<img class=""type:primaryImage"" src=""https://i.kinja-img.com/image/upload/c_fit,q_80,w_636/2d6d7bca90e7c3b1a690761e879150ba.jpg"" /><p>Uber (<a class=""sc-1out364-0 dPMosf sc-145m8ut-0 lcFFec js_link"" href=""https://qz.com/quote/UBER"" rel=""noopener noreferrer"" target=""_blank"">UBER</a>) is looking to encourage users and drivers to opt for electric vehicles.<br /></p><p><a href=""https://qz.com/uber-green-electric-vehicles-evs-ai-assistant-1851667513"">Read more...</a></p>","2024-10-08 13:13:47","https://qz.com/uber-green-electric-vehicles-evs-ai-assistant-1851667513","Others","2024-10-09 14:43:27.178704"
34,"Everything to know about Nvidia, from the stock to its AI chips","<img class=""type:primaryImage"" src=""https://i.kinja-img.com/image/upload/c_fit,q_80,w_636/e989a78d92952961ce408539c230caf9.jpg"" /><p><a class=""sc-1out364-0 dPMosf sc-145m8ut-0 lcFFec js_link"" href=""https://qz.com/nvidia-history-origin-ai-chip-jensen-huang-1851372906"" rel=""noopener noreferrer"" target=""_blank"">Nvidia</a> has emerged as one of the hottest <a class=""sc-1out364-0 dPMosf sc-145m8ut-0 lcFFec js_link"" href=""https://qz.com/ai-artificial-intelligence-glossary-vocabulary-terms-1851422473"" rel=""noopener noreferrer"" target=""_blank"">artificial intelligence</a> stocks on the market. The 31-year-old company’s meteoric rise is largely due to <a class=""sc-1out364-0 dPMosf sc-145m8ut-0 lcFFec js_link"" href=""https://qz.com/ai-stocks-dot-com-bubble-nvidia-google-microsoft-amazon-1851407019"" rel=""noopener noreferrer"" target=""_blank"">the recent AI boom</a>, which revealed the unexpected potential of its core product, the graphics processing units (GPUs), for AI development.<br /></p><p><a href=""https://qz.com/nvidia-stock-ai-chips-market-cap-1851647728"">Read more...</a></p>","2024-10-08 09:00:00","https://qz.com/nvidia-stock-ai-chips-market-cap-1851647728","Others","2024-10-09 14:43:27.220733"
35,"Why are the world's wealthiest families flocking to family offices?","<img class=""type:primaryImage"" src=""https://i.kinja-img.com/image/upload/c_fit,q_80,w_636/125a249558f2ae52fe8d92e668479a9d.jpg"" /><p>The wealthiest families in the world are increasingly investing their portfolios into risk assets rather than cash, a recent survey of more than 338 family offices revealed.<br /></p><p><a href=""https://qz.com/why-world-wealthiest-families-flocking-family-offices-1851665724"">Read more...</a></p>","2024-10-08 09:00:00","https://qz.com/why-world-wealthiest-families-flocking-family-offices-1851665724","Others","2024-10-09 14:43:27.240935"
98,"How India became a Test cricket powerhouse","More than 90 years after its first Test match, India boasts more victories in the format than losses.","2024-10-03 21:27:11","https://www.bbc.com/news/articles/cz6w0lygq22o","Others","2024-10-09 14:43:28.545872"
36,"The top 10 mental health apps to try on World Mental Health Day","<img class=""type:primaryImage"" src=""https://i.kinja-img.com/image/upload/c_fit,q_80,w_636/963bf2891df7c3e19106b56cec7c8c98.jpg"" /><p>In honor of World Mental Health Day on October 10 and National Depression and Mental Health Screening Month, we’re highlighting apps aiming to assist the millions of people seeking to improve their mental health. In 2019, an estimated <a class=""sc-1out364-0 dPMosf sc-145m8ut-0 lcFFec js_link"" href=""https://www.who.int/publications/i/item/9789240049338"" rel=""noopener noreferrer"" target=""_blank"">970 million people</a> worldwide were living with a mental disorder, according to the…</p><p><a href=""https://qz.com/calm-finch-world-mental-health-day-apps-1851666018"">Read more...</a></p>","2024-10-08 09:00:00","https://qz.com/calm-finch-world-mental-health-day-apps-1851666018","Others","2024-10-09 14:43:27.268924"
37,"Costco's gold bars are selling out fast","<img class=""type:primaryImage"" src=""https://i.kinja-img.com/image/upload/c_fit,q_80,w_636/eea1067b4d236d6ea531b3add498e85e.jpg"" /><p>In a striking display of <a class=""sc-1out364-0 dPMosf sc-145m8ut-0 lcFFec js_link"" href=""https://qz.com/costco-platinum-bars-gold-and-silver-retail-consumers-1851663436"" rel=""noopener noreferrer"" target=""_blank"">shifting</a> consumer behavior, Costco (<a class=""sc-1out364-0 dPMosf sc-145m8ut-0 lcFFec js_link"" href=""https://qz.com/quote/COST"" rel=""noopener noreferrer"" target=""_blank"">COST</a>) Wholesale gold bars are disappearing from shelves faster than they can be restocked. </p><p><a href=""https://qz.com/costco-gold-bars-metal-silver-platinum-retail-consumer-1851667327"">Read more...</a></p>","2024-10-07 22:15:00","https://qz.com/costco-gold-bars-metal-silver-platinum-retail-consumer-1851667327","Others","2024-10-09 14:43:27.295925"
38,"FTX shareholders could get $1 billion after crypto firm is cleared to fully repay customers","<img class=""type:primaryImage"" src=""https://i.kinja-img.com/image/upload/c_fit,q_80,w_636/a0da3871c4dbf126245cc0ae4a47b7bd.jpg"" /><p>A judge has reportedly approved payments to customers of collapsed crypto exchange FTX — and its shareholders could get $1 billion in seized assets. </p><p><a href=""https://qz.com/ftx-shareholders-billion-seized-crypto-exchange-sbf-1851667188"">Read more...</a></p>","2024-10-07 20:51:00","https://qz.com/ftx-shareholders-billion-seized-crypto-exchange-sbf-1851667188","Others","2024-10-09 14:43:27.317218"
39,"Christine McVie’s Fleetwood Mac scrapbook, Dianne Feinstein’s books, and an iconic Marilyn Monroe portrait: this week’s auction block roundup","<img class=""type:primaryImage"" src=""https://i.kinja-img.com/image/upload/c_fit,q_80,w_636/b08a23f0ad44536bd2d771ef878965b7.jpg"" /><p>Each week Quartz highlights the upcoming and ongoing sales at auction houses across the world. Among the items available are works of art, historical artifacts, and pop culture memorabilia that collectors won’t want to miss out on. While some of these objects go for millions, others are simultaneously affordable and…</p><p><a href=""https://qz.com/this-week-s-auction-block-roundup-1851667217"">Read more...</a></p>","2024-10-07 20:19:00","https://qz.com/this-week-s-auction-block-roundup-1851667217","Others","2024-10-09 14:43:27.342746"
40,"McDonald's is suing Tyson Foods for allegedly choking the beef supply chain to raise prices","<img class=""type:primaryImage"" src=""https://i.kinja-img.com/image/upload/c_fit,q_80,w_636/c05075daf60d07669013f7602b944647.jpg"" /><p><a class=""sc-1out364-0 dPMosf sc-145m8ut-0 lcFFec js_link"" href=""https://qz.com/mcdonalds-chicken-big-mac-retail-consumers-1851664859"" rel=""noopener noreferrer"" target=""_blank"">McDonald’s</a> has filed a <a class=""sc-1out364-0 dPMosf sc-145m8ut-0 lcFFec js_link"" href=""https://fingfx.thomsonreuters.com/gfx/legaldocs/jnvwjeeakpw/McDonald's%20v%20Cargill%20-%20EDNY%20-%2020241004.pdf"" rel=""noopener noreferrer"" target=""_blank"">lawsuit</a> against Tyson Foods (<a class=""sc-1out364-0 dPMosf sc-145m8ut-0 lcFFec js_link"" href=""https://qz.com/quote/TSN"" rel=""noopener noreferrer"" target=""_blank"">TSN</a>), JBS, and other  major meat processing companies, accusing them of colluding for years to limit beef supplies.<br /></p><p><a href=""https://qz.com/mcdonalds-sues-tyson-foods-jbs-cargill-beef-supply-1851667117"">Read more...</a></p>","2024-10-07 19:56:00","https://qz.com/mcdonalds-sues-tyson-foods-jbs-cargill-beef-supply-1851667117","Others","2024-10-09 14:43:27.384789"
41,"Donald Trump's plans would cut taxes on the richest 5% of America — and raise them for everyone else","<img class=""type:primaryImage"" src=""https://i.kinja-img.com/image/upload/c_fit,q_80,w_636/003c6e4fa140321f294be54cd74a46d5.jpg"" /><p>Former President Donald Trump has promised to slash — or scrap — a lot of taxes. But his plans to hike tariffs on imports would “more than offset” those tax cuts for all but the richest 5% of Americans, according to a <a class=""sc-1out364-0 dPMosf sc-145m8ut-0 lcFFec js_link"" href=""https://itep.org/a-distributional-analysis-of-donald-trumps-tax-plan-2024/"" rel=""noopener noreferrer"" target=""_blank"">new analysis</a>. </p><p><a href=""https://qz.com/donald-trump-tax-cuts-wealthiest-americans-tarrifs-1851667005"">Read more...</a></p>","2024-10-07 19:07:00","https://qz.com/donald-trump-tax-cuts-wealthiest-americans-tarrifs-1851667005","Others","2024-10-09 14:43:27.407796"
42,"Super Micro Computer stock surges 15% on big AI demand","<img class=""type:primaryImage"" src=""https://i.kinja-img.com/image/upload/c_fit,q_80,w_636/b0757900a5910da0c80f614a0b1b05db.jpg"" /><p>Server company Super Micro Computer (<a class=""sc-1out364-0 dPMosf sc-145m8ut-0 lcFFec js_link"" href=""https://qz.com/quote/SMCI"" rel=""noopener noreferrer"" target=""_blank"">SMCI</a>) unveiled a new liquid cooling solution for AI data centers on Monday, while also revealing it’s shipping over 100,000 graphics processing units (GPUs) quarterly — news that sent its stock climbing more than 15% in midday trading.</p><p><a href=""https://qz.com/super-micro-computer-stock-shares-surge-ai-demand-gpu-1851667019"">Read more...</a></p>","2024-10-07 19:05:36","https://qz.com/super-micro-computer-stock-shares-surge-ai-demand-gpu-1851667019","Others","2024-10-09 14:43:27.436403"
43,"A hot meal on a transatlantic JetBlue flight will now cost extra","<img class=""type:primaryImage"" src=""https://i.kinja-img.com/image/upload/c_fit,q_80,w_636/4d23d5624d6070712e3d63ca64bc48a1.jpg"" /><p>JetBlue is making a big change to its transatlantic flight offerings. CNN (<a class=""sc-1out364-0 dPMosf sc-145m8ut-0 lcFFec js_link"" href=""https://qz.com/quote/WBD"" rel=""noopener noreferrer"" target=""_blank"">WBD</a>) reports that the company’s “core” fares flying to Europe and the U.K. will <a class=""sc-1out364-0 dPMosf sc-145m8ut-0 lcFFec js_link"" href=""https://www.cnn.com/2024/10/07/travel/jetblue-drops-hot-meals-economy-passengers/index.html"" rel=""noopener noreferrer"" target=""_blank"">no longer come</a> with hot meals.</p><p><a href=""https://qz.com/jetblue-transatlantic-hot-food-cut-1851667000"">Read more...</a></p>","2024-10-07 18:28:00","https://qz.com/jetblue-transatlantic-hot-food-cut-1851667000","Others","2024-10-09 14:43:27.464401"
56,"Biden-Harris admin ‘taking advice from foreign governments’ on policing speech, lawmaker charges","Senior Biden-Harris administration officials gained advice from U.K. officials about partnering with social media platforms to police &quot;disinformation&quot; content, documents reveal.","2024-10-09 04:00:43","https://www.foxnews.com/politics/biden-harris-admin-taking-advice-from-foreign-governments-policing-speech-lawmaker-charges","Others","2024-10-09 14:43:27.764138"
57,"Georgia Dems chair reveals message to undecided GOP voters as Harris works to build broad base","Rep. Nikema Williams, chairwoman of the Georgia Democratic Party, spoke with Fox News Digital about the 2024 presidential race.","2024-10-09 04:00:39","https://www.foxnews.com/politics/georgia-dems-chair-reveals-message-undecided-gop-voters-harris-works-build-broad-base","Others","2024-10-09 14:43:27.782138"
44,"EV chargers that feel more like a gas station are coming","<img class=""type:primaryImage"" src=""https://i.kinja-img.com/image/upload/c_fit,q_80,w_636/d58fbe47c8ba02fee3d888b4ff0d6805.png"" /><p>One major key to EV adoption is creating a comprehensive charging network. Not only does it have to be <a class=""sc-1out364-0 dPMosf sc-145m8ut-0 lcFFec js_link"" href=""https://jalopnik.com/ev-charging-should-be-so-much-easier-1850784127?_gl=1*169sb8c*_ga*MTM0NDQ4ODA2My4xNzIyMzc4NDE0*_ga_V4QNJTT5L0*MTcyODMwMTQ1Ny4xMTguMS4xNzI4MzA1Njk0LjU3LjAuMA.."">convenient</a>, it has to be <a class=""sc-1out364-0 dPMosf sc-145m8ut-0 lcFFec js_link"" href=""https://jalopnik.com/non-tesla-evs-are-having-a-hard-time-using-supercharger-1851662200?_gl=1*169sb8c*_ga*MTM0NDQ4ODA2My4xNzIyMzc4NDE0*_ga_V4QNJTT5L0*MTcyODMwMTQ1Ny4xMTguMS4xNzI4MzA1Njk0LjU3LjAuMA.."">appealing</a>.  One company is making a valiant attempt with its new gas station-like EV chargers. </p><p><a href=""https://qz.com/rove-ev-charger-gas-station-california-1851667059"">Read more...</a></p>","2024-10-07 18:21:41","https://qz.com/rove-ev-charger-gas-station-california-1851667059","Others","2024-10-09 14:43:27.492654"
45,"Bankrupt EV startup Fisker left its abandoned headquarters in 'complete disarray'","<img class=""type:primaryImage"" src=""https://i.kinja-img.com/image/upload/c_fit,q_80,w_636/1b6194a6700ba7915bcebc87bf5f1507.png"" /><p><strong>Read more</strong>: <a class=""sc-1out364-0 dPMosf sc-145m8ut-0 lcFFec js_link"" href=""https://qz.com/fisker-bankruptcy-ocean-recalls-cost-doj-evs-1851668617"" rel=""noopener noreferrer"" target=""_blank"">Fisker’s legal troubles keep getting worse</a></p><p><a href=""https://qz.com/fisker-bankruptcy-evs-headquarters-lawsuit-1851667041"">Read more...</a></p>","2024-10-07 18:18:00","https://qz.com/fisker-bankruptcy-evs-headquarters-lawsuit-1851667041","Others","2024-10-09 14:43:27.512749"
46,"A Frontier Airlines flight trailed flames as it landed","<video loop="""" poster=""https://i.kinja-img.com/image/upload/c_fit,q_80,w_636/76a04059b0e2d273d3844bf96c600130.jpg""><source src=""https://i.kinja-img.com/image/upload/c_fit,q_80,w_636/76a04059b0e2d273d3844bf96c600130.mp4"" type=""video/mp4"" /></video><p>Clapping when a flight lands may be a fading tradition, but it’s fully deserved some days. Passengers on <a class=""sc-1out364-0 dPMosf sc-145m8ut-0 lcFFec js_link"" href=""https://jalopnik.com/frontier-launches-149-monthly-unlimited-flight-pass-wi-1850696796"">a Frontier Airlines flight</a> certainly had a reason for applause on Saturday after the flight from San Diego trailed flames from its landing gear while landing at <a class=""sc-1out364-0 dPMosf sc-145m8ut-0 lcFFec js_link"" href=""https://jalopnik.com/passenger-threatened-to-bomb-vegas-airport-because-he-c-1851647377"">Harry Reid International Airport</a> in Las Vegas. All…</p><p><a href=""https://qz.com/frontier-airlines-flight-flames-land-las-vegas-airbus-1851667033"">Read more...</a></p>","2024-10-07 18:14:32","https://qz.com/frontier-airlines-flight-flames-land-las-vegas-airbus-1851667033","Others","2024-10-09 14:43:27.554807"
47,"A classic Hamptons home, cliffside Beverly Hills bungalow and mansion-sized Manhattan townhouse: This week’s real estate roundup","<img class=""type:primaryImage"" src=""https://i.kinja-img.com/image/upload/c_fit,q_80,w_636/5c7b422cd1d4376df2c5bd5cab800146.jpg"" /><p>Each week Quartz highlights the most luxurious real estate listings across the country. These properties feature remarkable views, enviable locations, and lavish amenities — and they’re all on the market right now. Check out the best homes that are available with upcoming open houses.<br /></p><p><a href=""https://qz.com/most-fabulous-real-estate-listings-oct-2024-1851666947"">Read more...</a></p>","2024-10-07 17:58:00","https://qz.com/most-fabulous-real-estate-listings-oct-2024-1851666947","Others","2024-10-09 14:43:27.584385"
48,"Trump Media stock spikes 15% after Elon Musk came to a campaign rally","<img class=""type:primaryImage"" src=""https://i.kinja-img.com/image/upload/c_fit,q_80,w_636/c44a202c802d764879de499d29565f49.jpg"" /><p><a class=""sc-1out364-0 dPMosf sc-145m8ut-0 lcFFec js_link"" href=""https://qz.com/trump-media-djt-stock-chart-market-cap-truth-social-1851430157?_gl=1*1gzgwni*_ga*MTY1NjQyMDgwNC4xNzIxMDcwOTUy*_ga_V4QNJTT5L0*MTcyODMxOTg5MS4yNTkuMC4xNzI4MzE5ODkzLjU4LjAuMA.."" rel=""noopener noreferrer"" target=""_blank"">Trump Media & Technology Group</a> stock spiked more than 15% Monday after Tesla (<a class=""sc-1out364-0 dPMosf sc-145m8ut-0 lcFFec js_link"" href=""https://qz.com/quote/TSLA"" rel=""noopener noreferrer"" target=""_blank"">TSLA</a>) and SpaceX chief Elon Musk <a class=""sc-1out364-0 dPMosf sc-145m8ut-0 lcFFec js_link"" href=""https://www.politico.com/news/2024/10/05/elon-musk-trump-butler-rally-00182615"" rel=""noopener noreferrer"" target=""_blank"">appeared next to former President Donald Trump</a> at a campaign rally Saturday.<br /></p><p><a href=""https://qz.com/trump-media-djt-elon-musk-campaign-rally-butler-1851666928"">Read more...</a></p>","2024-10-07 17:46:23","https://qz.com/trump-media-djt-elon-musk-campaign-rally-butler-1851666928","Others","2024-10-09 14:43:27.615491"
49,"Panera Bread settled a Charged Lemonade lawsuit after a student's death","<img class=""type:primaryImage"" src=""https://i.kinja-img.com/image/upload/c_fit,q_80,w_636/e73238ef5af36a137eb5afbe7f22b301.jpg"" /><p>Panera Bread has reached an agreement with the family of an Ivy League student who tragically passed away after consuming its <a class=""sc-1out364-0 dPMosf sc-145m8ut-0 lcFFec js_link"" href=""https://qz.com/panera-charged-up-lemonade-lawsuits-1851461401?_gl=1*mfrlcd*_ga*MTkzNTUxMDgwMy4xNzI0MjQ2NjI3*_ga_V4QNJTT5L0*MTcyODMxMDQzMS44NS4xLjE3MjgzMTgxNDAuNjAuMC4w"" rel=""noopener noreferrer"" target=""_blank"">now-discontinued Charged Lemonade</a>, as first <a class=""sc-1out364-0 dPMosf sc-145m8ut-0 lcFFec js_link"" href=""https://www.nbcnews.com/news/us-news/panera-settles-first-plaintiff-charged-lemonade-wrongful-death-suits-rcna174244"" rel=""noopener noreferrer"" target=""_blank"">reported</a> by NBC News (<a class=""sc-1out364-0 dPMosf sc-145m8ut-0 lcFFec js_link"" href=""https://qz.com/quote/CMCSA"" rel=""noopener noreferrer"" target=""_blank"">CMCSA</a>). </p><p><a href=""https://qz.com/panera-settles-lawsuit-death-charged-lemonade-1851666844"">Read more...</a></p>","2024-10-07 17:24:26","https://qz.com/panera-settles-lawsuit-death-charged-lemonade-1851666844","Others","2024-10-09 14:43:27.650134"
50,"Swing state GOP chair slams Biden-Harris admin for being out of touch on key issue: 'Abandoned this country'","Fox News Digital spoke with Arizona GOP Chairwoman Gina Swoboda about VP Harris&apos; recent trip to the border, which Swoboda dismissed as a political &quot;photo op.&quot;","2024-10-09 10:16:29","https://www.foxnews.com/politics/swing-state-gop-chair-slams-biden-harris-admin-out-of-touch-key-issue","Others","2024-10-09 14:43:27.664067"
51,"Election board in crucial swing state sued over dispute on who will monitor election results","The Fulton County, Georgia, board filed a lawsuit against the Georgia State Election Board this week over how to best monitor the election process in the 2024 election.","2024-10-09 09:58:54","https://www.foxnews.com/politics/election-board-in-crucial-swing-state-sued-over-dispute-on-who-will-monitor-election-results","Others","2024-10-09 14:43:27.67839"
52,"As Gaza war drags past 1 year mark, hope fades for a deal to bring hostages home soon","For a year now, freeing the hostages taken by Hamas has been a top goal for Israel, but some 101 remain unaccounted for and the hope of a deal to get them home is waning quickly.","2024-10-09 09:40:36","https://www.foxnews.com/politics/gaza-war-israeli-hostage-deal-hope-fades","Others","2024-10-09 14:43:27.695347"
95,"Climbers rescued after three days in the Himalayas","A British climber who went missing in the Himalayas has spoken of her relief after surviving for two days in ""brutal"" conditions that put her life in danger.","2024-10-06 16:14:26","https://www.bbc.com/news/articles/c93y147z4pdo","Others","2024-10-09 14:43:28.495515"
58,"Trump-backed House candidate rips Biden's 'joke' border policy for inviting gang violence to swing state","Fox News Digital spoke to AZ GOP congressional candidate Abe Hamadeh and GOP Chairwoman Gina Swoboda who warned that transnational gangs are coming across the border.","2024-10-09 04:00:35","https://www.foxnews.com/politics/trump-backed-house-candidate-rips-bidens-joke-border-policy","Others","2024-10-09 14:43:27.800142"
59,"From kissy-face sitdown on ‘The View’ to a tougher grilling on ‘60 Minutes,’ Kamala Harris is making news","The mainstream leftist media has given presidential hopeful Kamala Harris a lot of air time in the past few weeks, but their interviews may resemble cheerleading.","2024-10-09 03:00:02","https://www.foxnews.com/politics/kissy-face-sitdown-view-tougher-grilling-60-minutes-kamala-harris-finally-making-news","Others","2024-10-09 14:43:27.813152"
60,"Tim Walz calls for elimination of Electoral College at California fundraiser, says 'it needs to go'","Minnesota Gov. Tim Walz said the Electoral College should be abolished in favor of a national popular vote during a fundraiser in California.","2024-10-08 21:44:52","https://www.foxnews.com/politics/tim-walz-calls-elimination-electoral-college-california-fundraiser-says-it-needs-go","Others","2024-10-09 14:43:27.825917"
61,"Israel’s Minister of Defense cancels visit to Pentagon amid Middle East conflict escalation","Israeli Minister of Defense Yoav Gallant canceled a visit with the Pentagon scheduled for Wednesday, amid rising tensions in the Middle East between Israel and Hamas.","2024-10-08 19:57:47","https://www.foxnews.com/politics/israels-minister-defense-cancels-visit-pentagon-amid-middle-east-conflict-escalation","Others","2024-10-09 14:43:27.840806"
62,"US officials reveal fate of nabbed Tajikistan illegal immigrants with alleged ISIS ties","Eight Tajikistan nationals with alleged ties to ISIS are in the process of being deported from the U.S., officials confirmed to Fox News Digital on Tuesday.","2024-10-08 18:30:32","https://www.foxnews.com/politics/us-officials-reveal-fate-nabbed-tajikistan-illegal-immigrants-alleged-isis-ties","Others","2024-10-09 14:43:27.859801"
63,"Fox News Politics: Harris on '60 minutes': Joe 2.0?","The latest updates from the 2024 campaign trail, exclusive interviews and more Fox News politics content","2024-10-08 17:36:21","https://www.foxnews.com/politics/fox-news-politics-harris-60-minutes-joe-2-0","Others","2024-10-09 14:43:27.876054"
64,"Biden undermines Harris claim that Ron DeSantis is politicizing hurricane response: 'Doing a great job'","President Joe Biden praised GOP Florida Gov. Ron DeSantis for being &quot;cooperative&quot; and doing a &quot;great job&quot; in his response to Hurricanes Helene and Milton, despite Vice President Kamala Harris slamming DeSantis for &quot;playing political games.&quot;","2024-10-08 17:26:05","https://www.foxnews.com/politics/biden-undermines-harris-claim-ron-desantis-politicizing-hurricane-response-doing-great-job","Others","2024-10-09 14:43:27.896482"
65,"Supreme Court signals support for Biden administration regulation of 'ghost gun' kits","Supreme Court signals support for Biden administration regulation of &quot;ghost gun&quot; ready-to-assemble kits in Garland v. VanDerStok (23-852). A ruling is expected by summer 2025.","2024-10-08 17:19:54","https://www.foxnews.com/politics/supreme-court-signals-support-biden-administration-regulation-ghost-gun-kits","Others","2024-10-09 14:43:27.920515"
66,"Reporter's Notebook: With no government shutdown, it feels like Christmas in September","This spending bill funds the government through October, November and just before Christmas, setting up another showdown just before Christmas Eve.","2024-10-08 16:25:15","https://www.foxnews.com/politics/reporters-notebook-no-government-shutdown-feels-like-christmas-september","Others","2024-10-09 14:43:27.936259"
67,"Prospects of a deal with Israel fade away as Saudis invite Iranian foreign minister to visit","An Israel-Saudi normalization deal has seemingly evaporated as Iran’s foreign minister visits the kingdom on Tuesday to discuss efforts to halt Tel Aviv’s incursions into Gaza and Lebanon.","2024-10-08 16:29:30","https://www.foxnews.com/politics/iran-foreign-minister-saudi-arabia-deal-israel","Others","2024-10-09 14:43:27.95271"
68,"Early voting means 'election season' has already begun","Early voting is expected to begin for some eligible Americans, and if the last two election cycles are any indication, many will have already voted before Election Day.","2024-08-07 10:44:25","https://www.foxnews.com/politics/days-until-voting-starts-election-season-kicks-off-sooner","Others","2024-10-09 14:43:27.968755"
69,"Overseas meth sent to US election building shuts down office for hours","The Dutchess County Board of Elections office shut down for hours Monday over a suspicious package from Europe containing crystal meth, according to a press release.","2024-10-08 15:33:53","https://www.foxnews.com/politics/overseas-meth-sent-us-election-building-shuts-down-office-hours","Others","2024-10-09 14:43:27.982712"
70,"Kamala Harris' tough words on Iran confounds critics","Vice President Kamala Harris had harsh words for Iran in an interview Monday evening as she said the regime is America’s biggest foe.","2024-10-08 15:31:30","https://www.foxnews.com/politics/harris-iran-biggest-us-adversary-china","Others","2024-10-09 14:43:27.999438"
71,"New poll shows Harris taking a slim lead over Trump thanks to support from a surprising group","Poll indicates increased support from Republicans is helping fuel Vice President Kamala Harris with 4 weeks to go until Election Day in her White House showdown with former President Trump","2024-10-08 15:19:54","https://www.foxnews.com/politics/new-poll-shows-harris-taking-slim-lead-over-trump-support-from-surprising-group","Others","2024-10-09 14:43:28.01804"
72,"North Carolina residents will see changes to early voting after Hurricane Helene","The North Carolina Elections Board passed a resolution to adjust voting rules in thirteen swing state counties following Hurricane Helene.","2024-10-08 14:20:52","https://www.foxnews.com/politics/north-carolina-residents-see-changes-early-voting-after-hurricane-helene","Others","2024-10-09 14:43:28.037988"
73,"New poll reveals which voter group are fueling Trump to a narrow edge over Harris in battleground","Former President Donald Trump holds a razor-thin two-point edge over Vice President Kamala Harris in battleground Arizona, according to a new public opinion poll.","2024-10-08 14:00:03","https://www.foxnews.com/politics/new-poll-which-voter-group-fueling-trump-narrow-edge-over-harris-battleground","Others","2024-10-09 14:43:28.05208"
74,"Texas AG demands Biden-Harris admin help verify citizenship of nearly 500K registered voters","The Texas Attorney General has written to the Biden-Har­ris administration urging it to provide information on nearly half a million people who have not had their citizenship verified.","2024-10-08 13:21:56","https://www.foxnews.com/politics/texas-ag-demands-biden-harris-admin-help-verify-citizenship-nearly-500k-registered-voters","Others","2024-10-09 14:43:28.069994"
75,"Xi Jinping celebrates China’s rising power — and his own","President Xi Jinping opened China’s twice-per decade Communist Party Congress on Wednesday hailing the reforms he put in place during his first five-year term and sharing his vision for where he hopes to take the nation. William Brangham reports on the congress as it prepares to announce Xi’s successor and how new leadership may transform China’s role as a global economic partner.","2017-10-18 22:35:21","http://www.pbs.org/newshour/bb/xi-jinping-celebrates-chinas-rising-power/","Others","2024-10-09 14:43:28.104999"
96,"India government says criminalising marital rape 'excessively harsh'","The government has opposed petitions in the country's top court that seek criminalisation of marital rape.","2024-10-04 06:32:38","https://www.bbc.com/news/articles/c80r38yeempo","Others","2024-10-09 14:43:28.511536"
76,"The battle for Mosul is over, but this hidden ISIS danger could lurk for years","Iraq may have ousted Islamic States militants from the city of Mosul over the summer, but the major task of finding and destroying the mines, booby traps and bombs remains. A security firm hired by the U.S. and Iraqi workers are making progress to clear major areas, but it could take years or even decades. Special correspondent Marcia Biggs reports on the safety of Mosul after ISIS.","2017-10-18 22:20:26","http://www.pbs.org/newshour/bb/battle-mosul-hidden-isis-danger-lurk-years/","Others","2024-10-09 14:43:28.127104"
77,"As Rohingya refugees continue to flee from persecution, here’s how you can help","More than 500,000 Rohingya Muslims have fled their homes since August to escape systematic violence at the hands of government soldiers in Myanmar. Here's how you can help.","2017-10-18 20:58:34","http://www.pbs.org/newshour/rundown/rohingya-refugees-continue-flee-persecution-heres-can-help/","Others","2024-10-09 14:43:28.142371"
78,"Tillerson: ‘Heartbreaking’ reports of suffering in Myanmar","WASHINGTON — Secretary of State Rex Tillerson is condemning reported atrocities committed against Rohingya Muslims in Myanmar, and he says those responsible — perhaps the country's military — will be held accountable.","2017-10-18 15:36:51","http://www.pbs.org/newshour/rundown/tillerson-heartbreaking-reports-suffering-myanmar/","Others","2024-10-09 14:43:28.159607"
79,"Far-right groups gain ground in Sweden and Germany amid migrant influx","Sunday’s election in Austria brought victory to 31-year-old Sebastian Kurz, who was elected chancellor on an anti-immigrant platform. Earlier, a strengthened far-right party dealt a blow to returning leader Angela Merkel in Germany’s election. As Sweden’s election approaches next year, special correspondent Michael Brabant surveys the changing political landscape in Europe.","2017-10-17 22:30:37","http://www.pbs.org/newshour/bb/far-right-groups-gain-ground-sweden-germany-amid-migrant-influx/","Others","2024-10-09 14:43:28.197959"
80,"U.S.-backed Syrian forces recapture Raqqa from Islamic State group","U.S.-backed Syrian Democratic Forces announced Tuesday that they had captured the city of Raqqa from Islamic State militants.","2017-10-17 16:57:20","http://www.pbs.org/newshour/rundown/u-s-backed-syrian-forces-recapture-raqqa-from-islamic-state-group/","Others","2024-10-09 14:43:28.211983"
81,"WATCH: Trump and Greek prime minister hold joint news conference","President Donald Trump says the U.S. stands with Greece as they recover from their economic crisis.","2017-10-17 16:28:24","http://www.pbs.org/newshour/rundown/watch-live-trump-and-greek-prime-minister-hold-joint-press-conference/","Others","2024-10-09 14:43:28.232147"
82,"U.S., Japan agree to maximize diplomatic pressure on North Korea","TOKYO — U.S. and Japanese diplomats agreed Tuesday to maximize pressure on North Korea to resolve tensions over its nuclear program, while citing the need to be prepared for the worst if diplomacy fails.","2017-10-17 13:01:05","http://www.pbs.org/newshour/rundown/u-s-japan-agree-maximize-diplomatic-pressure-north-korea/","Others","2024-10-09 14:43:28.254147"
83,"News Wrap: Dozens missing after deadly Mogadishu truck bombing","In our news wrap Monday, more than 300 people are confirmed dead and nearly 400 wounded after Saturday’s massive truck bombing in Somalia’s capital Mogadishu. The government blamed the al-Qaida-linked group al-Shabab. Also, 31-year-old conservative Sebastian Kurz is set to become the Austria’s next leader in another shift to the right in European politics.","2017-10-16 22:45:17","http://www.pbs.org/newshour/bb/news-wrap-dozens-missing-deadly-mogadishu-truck-bombing/","Others","2024-10-09 14:43:28.274152"
84,"Why a power struggle has broken out over Kirkuk","Two vital American allies have reignited their rivalry in Iraq. After months of simmering tensions, national military forces and militia moved to push Kurdish forces out of the disputed city of Kirkuk. Three weeks ago, the Kurds held a referendum to split from Iraq. Lisa Desjardins reports and Judy Woodruff talks with Emma Sky of Yale University and Feisal Istrabadi of Indiana University.","2017-10-16 22:40:31","http://www.pbs.org/newshour/bb/power-struggle-broken-kirkuk/","Others","2024-10-09 14:43:28.303144"
85,"Rex Tillerson says continue diplomacy with North Korea ‘until first bomb drops’","That statement comes despite President Donald Trump's tweets a couple of weeks ago that his chief envoy was ""wasting his time"" trying to negotiate with ""Little Rocket Man,"" a mocking nickname Trump has given the nuclear-armed nation's leader, Kim Jong Un.","2017-10-16 11:08:00","http://www.pbs.org/newshour/rundown/rex-tillerson-says-continue-diplomacy-north-korea-first-bomb-drops/","Others","2024-10-09 14:43:28.319169"
86,"Iraqi, Kurdish forces in standoff, weeks after Kurdish vote for independence","Iraqi army and Kurdish troops are in a standoff in Kirkuk, a city located in the Kurdistan region, which voted for independence from Iraq last month. Kirkuk holds 10 percent of Iraq’s oil reserves. Washington Post reporter Loveday Morris, who is covering the standoff, joins Hari Sreenivasan via Skype from Baghdad.","2017-10-15 20:33:23","http://www.pbs.org/newshour/bb/iraqi-kurdish-forces-standoff-weeks-kurdish-vote-independence/","Others","2024-10-09 14:43:28.335685"
87,"South Sudan civil war causes Africa’s worst refugee crisis","South Sudan’s four-year civil war has left half of the nation’s population, 6 million people, in need of humanitarian aid and caused one of the world’s worst refugee crises. With support from the U.S. Holocaust Memorial Museum’s Center for the Prevention of Genocide, NewsHour Weekend Special Correspondent Simona Foltyn and journalist Jason Patinkin traveled to Uganda to meet people desperate for asylum.","2017-10-15 19:26:17","http://www.pbs.org/newshour/bb/south-sudan-civil-war-causes-africas-worst-refugee-crisis/","Others","2024-10-09 14:43:28.358763"
88,"Hundreds dead after massive truck bomb strikes Mogadishu","At least 231 people were killed and hundreds more wounded after a massive truck bomb on Saturday struck Somalia's capital city of Mogadishu.","2017-10-15 16:27:49","http://www.pbs.org/newshour/rundown/hundreds-dead-massive-truck-bomb-strikes-mogadishu/","Others","2024-10-09 14:43:28.373768"
89,"Column: Why reporting from South Sudan is so difficult — and critically needed","The war has had a devastating impact on South Sudanese communities, but much of it has remained out of the limelight of international media.","2017-10-15 14:27:40","http://www.pbs.org/newshour/updates/reporters-notebook-reporting-south-sudan-difficult-critically-needed/","Others","2024-10-09 14:43:28.389767"
90,"Kashmir and Haryana prove India exit polls wrong","India's ruling BJP appears on course to hold Haryana state but is heading for defeat in Kashmir.","2024-10-08 12:15:30","https://www.bbc.com/news/articles/cx2y4ew10wxo","Others","2024-10-09 14:43:28.403768"
91,"'Our son died. Now we can use his sperm to have a grandchild'","An Indian court has cleared the way for a couple to use their dead son's frozen sperm.","2024-10-09 08:47:10","https://www.bbc.com/news/articles/cnvdgv6rejvo","Others","2024-10-09 14:43:28.419269"
92,"Teen breaks record by climbing Earth's highest peaks","The 18-year-old has become the youngest person to summit all 14 of the world's 8,000m peaks.","2024-10-09 10:36:27","https://www.bbc.com/news/articles/c869y6qx6e4o","Others","2024-10-09 14:43:28.437451"
93,"Indian financial aid opens 'new chapter' with Maldives","The deal comes as the Maldives president visits Delhi after relations nosedived in recent months.","2024-10-07 12:24:15","https://www.bbc.com/news/articles/cly4eq78k5qo","Others","2024-10-09 14:43:28.45245"
94,"Why are there so many dropped catches at T20 World Cup?","BBC Sport looks at the significant number of dropped catches at the Women's T20 World Cup so far and the possible explanations.","2024-10-06 20:01:57","https://www.bbc.com/sport/cricket/articles/cg78yd0p088o","Others","2024-10-09 14:43:28.477516"
99,"India's iconic tramcars set to ride into Kolkata sunset","Kolkata's iconic trams are in danger of being shut down entirely. But activists are fighting back.","2024-10-01 23:30:25","https://www.bbc.com/news/articles/ckgn4mzn224o","Others","2024-10-09 14:43:28.558877"
100,"My mission is to take Tamil music global, says Sid Sriram","The Indian-born, American-raised artist is going to perform his biggest solo UK show.","2024-10-06 00:25:44","https://www.bbc.com/news/articles/cvgwwqpdj74o","Others","2024-10-09 14:43:28.570894"
101,"India's top court saves a poor student's college dream","Atul Kumar missed the deadline to pay his college fee by a few seconds - then a court stepped in to help him.","2024-10-03 09:24:47","https://www.bbc.com/news/articles/cx25nq12n10o","Others","2024-10-09 14:43:28.585882"
102,"The 'mastermind' behind India's biggest jailbreak","Nearly 20 years ago, 389 men escaped from an Indian jail, led by a man believed to have planned the breakout.","2024-10-01 01:48:53","https://www.bbc.com/news/articles/c1dd9rj3vmyo","Others","2024-10-09 14:43:28.604881"
103,"The world’s diamond polishing capital feels Ukraine war impact","Wars and recession in key Western markets have left India's diamond industry workers distraught and jobless.","2024-09-30 01:04:21","https://www.bbc.com/news/articles/c1e866ypp1zo","Others","2024-10-09 14:43:28.650435"
104,"Sold out in minutes, resold for millions: Coldplay tickets spark outrage in India","Coldplay's concerts in Mumbai sold out in minutes and now resellers are charging up to $10,000 for a ticket.","2024-09-29 01:24:50","https://www.bbc.com/news/articles/c99v12e3yj4o","Others","2024-10-09 14:43:28.67443"
105,"A famed holy sweet in an unsavoury row in India","The famous Tirupati temple laddus are prized by devotees who consider them god’s blessing.","2024-09-26 21:41:55","https://www.bbc.com/news/articles/cglkenxgd5xo","Others","2024-10-09 14:43:28.694536"
106,"Your essential guide to the ICC Women's T20 World Cup","The Women's T20 World Cup in the United Arab Emirates starts on 3 October - here's everything you need to know about the ninth edition.","2024-10-01 07:59:27","https://www.bbc.com/sport/cricket/articles/c99vp4yyyyxo","Others","2024-10-09 14:43:28.709551"
107,"The Kashmiri politician whose return from jail ruffled feathers","A court has allowed jailed lawmaker Engineer Rashid to return to Kashmir to campaign in regional polls.","2024-09-26 01:00:04","https://www.bbc.com/news/articles/cgj4l01q9jgo","Others","2024-10-09 14:43:28.727114"
108,"Death of Indian employee sparks debate on 'toxic work culture'","Anna Perayil's parents allege she died four months after starting a job because of ""overwhelming work stress"".","2024-09-24 21:39:31","https://www.bbc.com/news/articles/c0kjgp4jr5yo","Others","2024-10-09 14:43:28.748092"
109,"Tigers and crocs make mangrove preservation tough work","To help preserve mangrove forests researchers have to take on demanding field work.","2024-09-23 23:09:02","https://www.bbc.com/news/articles/crrldyvqe4xo","Others","2024-10-09 14:43:28.761094"
110,"How Punjabi megastar Diljit Dosanjh is inspiring the next gen","The biggest Punjabi singer in the world brings his Dil-Luminati tour to the UK.","2024-09-21 23:51:46","https://www.bbc.com/news/articles/cwy9gln6lz6o","Others","2024-10-09 14:43:28.773092"
111,"Hema committee report: Why are India's biggest film stars silent?","The stars’ silence on a report exposing poor working conditions and sexual harassment in Kerala’s film industry is deafening, say critics.","2024-09-19 21:39:03","https://www.bbc.com/news/articles/cn9dgjd8rewo","Others","2024-10-09 14:43:28.789408"
112,"Volunteers dying as Russia’s war dead tops 70,000","The governments of India and Nepal have called on Moscow to stop sending their citizens to Ukraine and repatriate the bodies of the dead.","2024-09-19 23:12:45","https://www.bbc.com/news/articles/cjr3255gpjgo","Others","2024-10-09 14:43:28.805403"
113,"Why hundreds of Samsung workers are protesting in India","About 1500 workers in Tamil Nadu state have been striking work for the past 11 days.","2024-09-19 13:51:52","https://www.bbc.com/news/articles/c7488w85n00o","Others","2024-10-09 14:43:28.818416"
114,"'Please save me': The Indians duped into fighting for Russia","Dozens of Indian men have been discharged from the Russian army and are making their way home.","2024-09-18 08:11:06","https://www.bbc.com/news/articles/cly6ve2x72xo","Others","2024-10-09 14:43:28.833987"
115,"After a decade, Kashmir votes in historic elections","This is the first assembly election since PM Modi's government revoked Kashmir's special status in 2019.","2024-09-16 08:31:13","https://www.bbc.com/news/articles/cpw84kv9q8yo","Others","2024-10-09 14:43:28.851003"
116,"The German woman who helped build an Indian university","Gerda Philipsborn left her home in Germany to help her three Indian friends set up Jamia Millia Islamia.","2024-09-16 21:41:27","https://www.bbc.com/news/articles/cn020ywgx2yo","Others","2024-10-09 14:43:28.88127"
117,"India's oldest trams may soon be brought to a halt","Authorities in the eastern city of Kolkata announced plans to discontinue its iconic trams first set up in 1873.","2024-10-01 12:27:53","https://www.bbc.com/news/articles/cr54qr64n1qo","Others","2024-10-09 14:43:28.897255"
118,"Kolkata night protest: 'Today I witnessed history'","A young woman was among thousands who took part in a march in India's West Bengal. This is what she saw.","2024-08-15 10:22:01","https://www.bbc.com/news/videos/ce3106yz19do","Others","2024-10-09 14:43:28.912268"
119,"Watch: Thousands of women protest about rape and murder of doctor in India","Women led a march in West Bengal state after a female doctor's brutal rape and murder last week.","2024-08-15 08:56:44","https://www.bbc.com/news/videos/czx67lknn54o","Others","2024-10-09 14:43:28.927811"
120,"Watch: Building collapses into river in Himachal Pradesh","No-one was injured in the incident, which took place due to heavy rainfall.","2024-08-01 07:44:51","https://www.bbc.com/news/videos/c1vdw9546wwo","Others","2024-10-09 14:43:28.942836"
121,"Watch: Blue screens, queues and airport delays worldwide","Many flights have been grounded, with huge queues and delays at airports all over the world.","2024-07-19 11:51:09","https://www.bbc.com/news/videos/cz7ejpld988o","Others","2024-10-09 14:43:28.965817"
122,"Lavish Ambani wedding divides opinions in India","The noise around the lavish wedding has drawn public fascination - and ire.","2024-07-12 13:22:41","https://www.bbc.com/news/videos/cgr5073mz74o","Others","2024-10-09 14:43:28.97926"
123,"Former PMs, film and sports stars join Ambani wedding","Tony Blair and Boris Johnson were among guests to arrive at the wedding of a billionaire's son.","2024-07-12 21:10:01","https://www.bbc.com/news/videos/cv2gnv34kyeo","Others","2024-10-09 14:43:28.997259"
124,"WATCH: Families mourn victims of deadly India crush","At least 121 people, mostly women, were killed in the crush at a religious event in northern India.","2024-07-03 09:42:54","https://www.bbc.com/news/videos/cw4ypql875ko","Others","2024-10-09 14:43:29.01281"
125,"Watch: Delhi airport roof collapses due to heavy rain","The incident has left one person dead and injured four others.","2024-06-28 07:43:43","https://www.bbc.com/news/videos/c134zdz2nnro","Others","2024-10-09 14:43:29.026371"
126,"What worked for India's Modi - and what didn’t?","Indian Prime Minister Narendra Modi and his party have won the most seats in this year's election.","2024-06-04 15:32:32","https://www.bbc.com/news/articles/ce442577v35o","Others","2024-10-09 14:43:29.042369"
127,"Arrests, accusations and AI: India’s election unpacked","On 4 June, Indians will find out who governs their country for the next five years.","2024-06-01 23:07:59","https://www.bbc.com/news/videos/cqqq2g653gro","Others","2024-10-09 14:43:29.068219"
